{
    "loss": 8.645058631896973,
    "accuracy": 0.5179855823516846
}