{
    "loss": 0.046867743134498596,
    "accuracy": 0.9784172773361206
}