{
    "loss": 0.15579326450824738,
    "accuracy": 0.9064748287200928
}