{
    "loss": 0.1889694482088089,
    "accuracy": 0.9568345546722412
}