{
    "loss": 9.788156509399414,
    "accuracy": 0.5179855823516846
}